sequence_id	Ef-P20-208	Ef-P10-208	Ef-P16-208
Ef-P20-208	1.0	0.8522523018231173	0.7750150746639237
Ef-P10-208	0.8522523018231173	1.0	0.8111534929716748
Ef-P16-208	0.7750150746639237	0.8111534929716748	1.0
