sequence_id	Ef-P16-208	Ef-P10-208	Ef-P20-208
Ef-P16-208	1.0	0.9255784865540964	0.8890243902439025
Ef-P10-208	0.9255784865540964	1.0	0.9115384615384615
Ef-P20-208	0.8890243902439025	0.9115384615384615	1.0
